<?xml version="1.0" encoding="UTF-8"?>
<!-- $Header: /cvsroot/ebxmlrr/omar/misc/samples/minDB/SubmitObjectsRequest_AssociationTypeScheme.xml,v 1.18 2007/05/25 17:18:52 farrukh_najmi Exp $ -->
<RegistryObject xsi:type="rim:ClassificationSchemeType"
  isInternal="true" 
  objectType="urn:oasis:names:tc:ebxml-regrep:ObjectType:RegistryObject:ClassificationScheme" 
  lid="urn:test:ClassificationScheme:GenderScheme" 
  id="urn:test:ClassificationScheme:GenderScheme"
  nodeType="urn:oasis:names:tc:ebxml-regrep:NodeType:UniqueCode"
  xmlns="urn:oasis:names:tc:ebxml-regrep:xsd:rim:4.0" 
  xmlns:rim="urn:oasis:names:tc:ebxml-regrep:xsd:rim:4.0" 
  xmlns:xsi="http://www.w3.org/2001/XMLSchema-instance" 
  xmlns:xlink="http://www.w3.org/1999/xlink" 
  xsi:schemaLocation="urn:oasis:names:tc:ebxml-regrep:xsd:rim:4.0  ../../xsd/rim.xsd">

  <Name>
    <LocalizedString value="GenderScheme"/>
  </Name>
  <Description>
    <LocalizedString value="Gender Scheme"/>
  </Description>
  <ClassificationNode code="Male" parent="urn:test:ClassificationScheme:GenderScheme" objectType="urn:oasis:names:tc:ebxml-regrep:ObjectType:RegistryObject:ClassificationNode" lid="urn:test:ClassificationScheme:GenderScheme:Male" id="urn:test:ClassificationScheme:GenderScheme:Male" >
    <Name>
      <LocalizedString value="Male"/>
    </Name>
    <Description>
      <LocalizedString value="Male"/>
    </Description>
  </ClassificationNode>
  <ClassificationNode code="Female" parent="urn:test:ClassificationScheme:GenderScheme" objectType="urn:oasis:names:tc:ebxml-regrep:ObjectType:RegistryObject:ClassificationNode" lid="urn:test:ClassificationScheme:GenderScheme:Female" id="urn:test:ClassificationScheme:GenderScheme:Female" >
    <Name>
      <LocalizedString value="Female"/>
    </Name>
    <Description>
      <LocalizedString value="Female"/>
    </Description>
  </ClassificationNode>


</RegistryObject>
    
