<?xml version="1.0" encoding="UTF-8"?>
<!-- $Header: /cvsroot/ebxmlrr/omar/misc/samples/minDB/SubmitObjectsRequest_Config.xml,v 1.59 2007/06/01 19:29:04 psterk Exp $ -->
<!-- Must be loaded after SubmitObjectsRequest_objectTypesSchemes -->
<SubmitObjectsRequest id="urn:oasis:names:tc:ebxml-regrep:request:id"
    xmlns="urn:oasis:names:tc:ebxml-regrep:xsd:lcm:4.0"
    xmlns:lcm="urn:oasis:names:tc:ebxml-regrep:xsd:lcm:4.0"
    xmlns:query="urn:oasis:names:tc:ebxml-regrep:xsd:query:4.0"
    xmlns:rim="urn:oasis:names:tc:ebxml-regrep:xsd:rim:4.0"
    xmlns:rs="urn:oasis:names:tc:ebxml-regrep:xsd:rs:4.0"
    xmlns:xsi="http://www.w3.org/2001/XMLSchema-instance"
    xmlns:xlink="http://www.w3.org/1999/xlink"
    xsi:schemaLocation="urn:oasis:names:tc:ebxml-regrep:xsd:lcm:4.0  ../../xsd/lcm.xsd"
    >
    <rim:RegistryObjectList>
        <rim:RegistryObject xsi:type="rim:PersonType" lid="urn:wellfleetsoftware:Person:IdrisNajmi" id="urn:wellfleetsoftware:Person:IdrisNajmi">
            <rim:Name>
                <rim:LocalizedString value="Najmi, Idris"/>
            </rim:Name>
        </rim:RegistryObject>

        <rim:RegistryObject xsi:type="rim:PersonType" lid="urn:wellfleetsoftware:Person:QaiserNajmi" id="urn:wellfleetsoftware:Person:QaiserNajmi">
            <rim:Name>
                <rim:LocalizedString value="Najmi, Qaiser"/>
            </rim:Name>
        </rim:RegistryObject>

        <!--hasMother assoc between Farrukh and Qaiser -->
        <rim:RegistryObject xsi:type="rim:AssociationType"
            type="http://owl.man.ac.uk/2006/07/sssw/people#has_mother"
            lid="urn:wellfleetsoftware:Association:farrukhNajmi:has_mother:QaiserNajmi"
            id="urn:wellfleetsoftware:Association:farrukhNajmi:has_mother:QaiserNajmi"
            sourceObject="urn:wellfleetsoftware:Person:farrukhNajmi" targetObject="urn:wellfleetsoftware:Person:QaiserNajmi"/>

        <!--hasFather assoc between Farrukh and Idris -->
        <rim:RegistryObject xsi:type="rim:AssociationType"
            type="http://owl.man.ac.uk/2006/07/sssw/people#has_father"
            lid="urn:wellfleetsoftware:Association:farrukhNajmi:has_father:IdrisNajmi"
            id="urn:wellfleetsoftware:Association:farrukhNajmi:has_father:IdrisNajmi"
            sourceObject="urn:wellfleetsoftware:Person:farrukhNajmi" targetObject="urn:wellfleetsoftware:Person:IdrisNajmi"/>
    </rim:RegistryObjectList>
</SubmitObjectsRequest>

