<?xml version = "1.0" encoding = "UTF-8"?>
<RegistryObjectList
    xmlns="urn:oasis:names:tc:ebxml-regrep:xsd:rim:4.0" 
    xmlns:lcm="urn:oasis:names:tc:ebxml-regrep:xsd:lcm:4.0" 
    xmlns:query="urn:oasis:names:tc:ebxml-regrep:xsd:query:4.0" 
    xmlns:rim="urn:oasis:names:tc:ebxml-regrep:xsd:rim:4.0" 
    xmlns:rs="urn:oasis:names:tc:ebxml-regrep:xsd:rs:4.0" 
    xmlns:xsi="http://www.w3.org/2001/XMLSchema-instance" 
    xmlns:xlink="http://www.w3.org/1999/xlink" 
    xsi:schemaLocation="urn:oasis:names:tc:ebxml-regrep:xsd:rim:4.0  ../../xsd/rim.xsd">
  <RegistryObject xsi:type="rim:RegistryPackageType" id="urn:acme:RegistryPackage:endpointCollection1">
    <Name>
      <LocalizedString value="Serves same role as wsdl2:Service"/>
    </Name>
    <RegistryObjectList>
      <RegistryObject xsi:type="ServiceType" id="urn:acme:Service:Service1" serviceInterface="urn:acme:ServiceInterface:interface1">
        <ServiceEndpoint id="urn:acme:ServiceEndpoint:Endpoint1" 
          address="http://acme.com/endpoint1"
          serviceBinding="urn:acme:ServiceBinding:binding1">
          <Name>
            <LocalizedString value="Endpoint1"/>
          </Name>
        </ServiceEndpoint>
        <ServiceEndpoint id="urn:acme:ServiceEndpoint:Endpoint2" 
          address="http://acme.com/endpoint2"
          serviceBinding="urn:acme:ServiceBinding:binding2">
          <Name>
            <LocalizedString value="Endpoint2"/>
          </Name>
        </ServiceEndpoint>
      </RegistryObject>
    </RegistryObjectList>
  </RegistryObject>
  <RegistryObject xsi:type="rim:ServiceBindingType" id="urn:acme:ServiceBinding:binding1" 
    serviceInterface="urn:acme:ServiceInterface:interface1" />
  <RegistryObject xsi:type="rim:ServiceBindingType" id="urn:acme:ServiceBinding:binding2" />
  <RegistryObject xsi:type="rim:ServiceInterfaceType" id="urn:acme:ServiceInterface:interface1" />
</RegistryObjectList>
