<?xml version="1.0" encoding="UTF-8"?>
<query:QueryRequest maxResults="-1" startIndex="0" id="urn:uuid:359220af-f8a9-4bb6-a7eb-e888b77e0f99"
                    xmlns="urn:oasis:names:tc:ebxml-regrep:xsd:rim:4.0"
                    xmlns:query="urn:oasis:names:tc:ebxml-regrep:xsd:query:4.0"
                    xmlns:rim="urn:oasis:names:tc:ebxml-regrep:xsd:rim:4.0"
                    xmlns:xsi="http://www.w3.org/2001/XMLSchema-instance"
                    xmlns:gml="http://www.opengis.net/gml/3.2"
                    xsi:schemaLocation="urn:oasis:names:tc:ebxml-regrep:xsd:query:4.0  ../../xsd/query.xsd"
                    >
    <query:ResponseOption returnComposedObjects="true" returnType="LeafClassWithRepositoryItem"/>
    <query:Query queryDefinition="urn:ogc:specification:regrep:profile:ISO19139:query:SpatialQuery">
        <Slot name="spatialOperator">
            <SlotValue xsi:type="StringValueType" >
                <Value>/urn:ogc:specification:regrep:profile:ISO19139:ClassificationScheme:SpatialOperator/within</Value>
            </SlotValue>
        </Slot>
        <Slot name="filterGeometry" type="urn:ogc:def:dataType:ISO-19107:GM_Geometry">
            <rim:SlotValue xsi:type="rim:AnyValueType">
                <gml:Envelope srsName="urn:ogc:def:crs:OGC:2:WGS84">
                    <gml:lowerCorner>-125 20</gml:lowerCorner>
                    <gml:upperCorner>-65 41</gml:upperCorner>
                </gml:Envelope>
            </rim:SlotValue>
        </Slot>
    </query:Query>
</query:QueryRequest>
