<?xml version="1.0" encoding="UTF-8" standalone="yes"?>
<Request
    xmlns="urn:oasis:names:tc:xacml:2.0:context:schema:os"
    xmlns:xacmlp="urn:oasis:names:tc:xacml:2.0:policy:schema:os"
    xmlns:rim="urn:oasis:names:tc:ebxml-regrep:xsd:rim:4.0"
    xmlns:xlink="http://www.w3.org/1999/xlink"
    xmlns:wsa="http://www.w3.org/2005/08/addressing"
    xmlns:query="urn:oasis:names:tc:ebxml-regrep:xsd:query:4.0"
    xmlns:lcm="urn:oasis:names:tc:ebxml-regrep:xsd:lcm:4.0"
    xmlns:spi="urn:oasis:names:tc:ebxml-regrep:xsd:spi:4.0"
    xmlns:rs="urn:oasis:names:tc:ebxml-regrep:xsd:rs:4.0"
    xmlns:gml="http://www.opengis.net/gml/3.2"
    xmlns:xsi="http://www.w3.org/2001/XMLSchema-instance"
    xsi:schemaLocation="urn:oasis:names:tc:xacml:2.0:context:schema:os  http://docs.oasis-open.org/xacml/2.0/access_control-xacml-2.0-context-schema-os.xsd urn:oasis:names:tc:xacml:2.0:policy:schema:os http://docs.oasis-open.org/xacml/2.0/access_control-xacml-2.0-policy-schema-os.xsd urn:oasis:names:tc:ebxml-regrep:xsd:rim:4.0  ../../xsd/rim.xsd">
    <Subject>
        <Attribute AttributeId="urn:oasis:names:tc:xacml:1.0:subject:subject-id" DataType="http://www.w3.org/2001/XMLSchema#string">
            <AttributeValue>rod</AttributeValue>
        </Attribute>
        <Attribute AttributeId="urn:oasis:names:tc:ebxml-regrep:3.0:rim:acp:subject:role" DataType="http://www.w3.org/2001/XMLSchema#string">
            <AttributeValue>urn:oasis:names:tc:ebxml-regrep:SubjectRole:ContentOwner</AttributeValue>
        </Attribute>
    </Subject>
    <Resource>
        <ResourceContent>
            <rim:RegistryObject xmlns:xsi="http://www.w3.org/2001/XMLSchema-instance" xsi:type="rim:RegistryPackageType" lid="urn:uuid:56d1301f-575a-4577-825b-e1a28f13875a" objectType="urn:oasis:names:tc:ebxml-regrep:ObjectType:RegistryObject:RegistryPackage" owner="rod" status="urn:oasis:names:tc:ebxml-regrep:StatusType:Submitted" id="urn:uuid:56d1301f-575a-4577-825b-e1a28f13875a#c0a8131415656c9eefd752fb3bf1df609a680d63">
                <rim:Name>
                    <rim:LocalizedString value="datasets"/>
                </rim:Name>
                <rim:Description>
                    <rim:LocalizedString value="6"/>
                </rim:Description>
                <rim:VersionInfo versionName="c0a8131415656c9eefd752fb3bf1df609a680d63" userVersionName="2"/>
            </rim:RegistryObject>
        </ResourceContent>
        <Attribute AttributeId="urn:oasis:names:tc:xacml:1.0:resource:resource-id" DataType="http://www.w3.org/2001/XMLSchema#string">
            <AttributeValue>urn:uuid:56d1301f-575a-4577-825b-e1a28f13875a#c0a8131415656c9eefd752fb3bf1df609a680d63</AttributeValue>
        </Attribute>
        <Attribute AttributeId="urn:oasis:names:tc:ebxml-regrep:3.0:rim:acp:resource:owner" DataType="http://www.w3.org/2001/XMLSchema#string">
            <AttributeValue>najmi</AttributeValue>
        </Attribute>
    </Resource>
    <Action>
        <Attribute AttributeId="urn:oasis:names:tc:xacml:1.0:action:action-id" DataType="http://www.w3.org/2001/XMLSchema#string">
            <AttributeValue>urn:oasis:names:tc:ebxml-regrep:ActionType:update</AttributeValue>
        </Attribute>
    </Action>
    <Environment>
        <Attribute AttributeId="urn:oasis:names:tc:ebxml-regrep:3.0:rim:acp:environment:policyId" DataType="http://www.w3.org/2001/XMLSchema#string">
            <AttributeValue>urn:oasis:names:tc:ebxml-regrep:acp:defaultACP</AttributeValue>
        </Attribute>
    </Environment>
</Request>