<?xml version="1.0" encoding="UTF-8"?>
<!-- $Header: /cvsroot/ebxmlrr/omar/misc/samples/minDB/SubmitObjectsRequest_EmailTypeScheme.xml,v 1.10 2007/05/25 17:18:53 farrukh_najmi Exp $ -->
<SubmitObjectsRequest id="urn:oasis:names:tc:ebxml-regrep:request:id" xmlns="urn:oasis:names:tc:ebxml-regrep:xsd:lcm:4.0" xmlns:lcm="urn:oasis:names:tc:ebxml-regrep:xsd:lcm:4.0" xmlns:query="urn:oasis:names:tc:ebxml-regrep:xsd:query:4.0" xmlns:rim="urn:oasis:names:tc:ebxml-regrep:xsd:rim:4.0" xmlns:rs="urn:oasis:names:tc:ebxml-regrep:xsd:rs:4.0" xmlns:xsi="http://www.w3.org/2001/XMLSchema-instance" xmlns:xlink="http://www.w3.org/1999/xlink" xsi:schemaLocation="urn:oasis:names:tc:ebxml-regrep:xsd:lcm:4.0  ../../xsd/lcm.xsd">
    <rim:RegistryObjectList>
        <rim:RegistryObject xsi:type="rim:ClassificationSchemeType" lid="urn:oasis:names:tc:ebxml-regrep:classificationScheme:EmailType" id="urn:oasis:names:tc:ebxml-regrep:classificationScheme:EmailType" isInternal="true" nodeType="urn:oasis:names:tc:ebxml-regrep:NodeType:UniqueCode">
            <rim:Name>
                <rim:LocalizedString value="EmailType"/>
            </rim:Name>
            <rim:Description>
                <rim:LocalizedString value="EmailType.desc"/>
            </rim:Description>
            <rim:ClassificationNode lid="urn:oasis:names:tc:ebxml-regrep:EmailType:OfficeEmail" code="OfficeEmail" id="urn:oasis:names:tc:ebxml-regrep:EmailType:OfficeEmail">
                <rim:Name>
                    <rim:LocalizedString value="Office Email"/>
                </rim:Name>
                <rim:Description>
                    <rim:LocalizedString value="OfficeEmail.desc"/>
                </rim:Description>
            </rim:ClassificationNode>
            <rim:ClassificationNode lid="urn:oasis:names:tc:ebxml-regrep:EmailType:HomeEmail" code="HomeEmail" id="urn:oasis:names:tc:ebxml-regrep:EmailType:HomeEmail">
                <rim:Name>
                    <rim:LocalizedString value="Home Email"/>
                </rim:Name>
                <rim:Description>
                    <rim:LocalizedString value="HomeEmail.desc"/>
                </rim:Description>
            </rim:ClassificationNode>
        </rim:RegistryObject>
    </rim:RegistryObjectList>
</SubmitObjectsRequest>
