<?xml version="1.0" encoding="UTF-8"?>
<!-- $Header: /cvsroot/ebxmlrr/omar/misc/samples/minDB/SubmitObjectsRequest_ErrorHandlingModelScheme.xml,v 1.11 2007/05/25 17:18:53 farrukh_najmi Exp $ -->
<SubmitObjectsRequest id="urn:oasis:names:tc:ebxml-regrep:request:id" xmlns="urn:oasis:names:tc:ebxml-regrep:xsd:lcm:4.0" xmlns:lcm="urn:oasis:names:tc:ebxml-regrep:xsd:lcm:4.0" xmlns:query="urn:oasis:names:tc:ebxml-regrep:xsd:query:4.0" xmlns:rim="urn:oasis:names:tc:ebxml-regrep:xsd:rim:4.0" xmlns:rs="urn:oasis:names:tc:ebxml-regrep:xsd:rs:4.0" xmlns:xsi="http://www.w3.org/2001/XMLSchema-instance" xmlns:xlink="http://www.w3.org/1999/xlink" xsi:schemaLocation="urn:oasis:names:tc:ebxml-regrep:xsd:lcm:4.0  ../../xsd/lcm.xsd">
    <rim:RegistryObjectList>
        <rim:RegistryObject xsi:type="rim:ClassificationSchemeType" lid="urn:oasis:names:tc:ebxml-regrep:classificationScheme:ErrorHandlingModel" id="urn:oasis:names:tc:ebxml-regrep:classificationScheme:ErrorHandlingModel" isInternal="true" nodeType="urn:oasis:names:tc:ebxml-regrep:NodeType:UniqueCode" objectType="urn:oasis:names:tc:ebxml-regrep:ObjectType:RegistryObject:ClassificationScheme">
            <rim:Name>
                <rim:LocalizedString xml:lang="en-US" value="ErrorHandlingModel"/>
            </rim:Name>
            <rim:Description>
                <rim:LocalizedString xml:lang="en-US" value="ErrorHandlingModel.desc"/>
            </rim:Description>
            <rim:ClassificationNode lid="urn:oasis:names:tc:ebxml-regrep:ErrorHandlingModel:FailOnError" code="FailOnError" id="urn:oasis:names:tc:ebxml-regrep:ErrorHandlingModel:FailOnError" objectType="urn:oasis:names:tc:ebxml-regrep:ObjectType:RegistryObject:ClassificationNode" parent="urn:oasis:names:tc:ebxml-regrep:classificationScheme:ErrorHandlingModel">
                <rim:Name>
                    <rim:LocalizedString xml:lang="en-US" value="FailOnError"/>
                </rim:Name>
                <rim:Description>
                    <rim:LocalizedString xml:lang="en-US" value="FailOnError.desc"/>
                </rim:Description>
            </rim:ClassificationNode>
            <rim:ClassificationNode lid="urn:oasis:names:tc:ebxml-regrep:ErrorHandlingModel:LogErrorAndContinue" code="LogErrorAndContinue" id="urn:oasis:names:tc:ebxml-regrep:ErrorHandlingModel:LogErrorAndContinue" objectType="urn:oasis:names:tc:ebxml-regrep:ObjectType:RegistryObject:ClassificationNode" parent="urn:oasis:names:tc:ebxml-regrep:classificationScheme:ErrorHandlingModel">
                <rim:Name>
                    <rim:LocalizedString xml:lang="en-US" value="LogErrorAndContinue"/>
                </rim:Name>
                <rim:Description>
                    <rim:LocalizedString xml:lang="en-US" value="LogErrorAndContinue.desc"/>
                </rim:Description>
            </rim:ClassificationNode>
        </rim:RegistryObject>
    </rim:RegistryObjectList>
</SubmitObjectsRequest>
