<?xml version="1.0" encoding="UTF-8"?>
<!-- $Header: /cvsroot/ebxmlrr/omar/misc/samples/minDB/SubmitObjectsRequest_ErrorSeverityTypeScheme.xml,v 1.7 2007/05/25 17:18:53 farrukh_najmi Exp $-->
<SubmitObjectsRequest id="urn:oasis:names:tc:ebxml-regrep:request:id" xmlns="urn:oasis:names:tc:ebxml-regrep:xsd:lcm:4.0" xmlns:lcm="urn:oasis:names:tc:ebxml-regrep:xsd:lcm:4.0" xmlns:query="urn:oasis:names:tc:ebxml-regrep:xsd:query:4.0" xmlns:rim="urn:oasis:names:tc:ebxml-regrep:xsd:rim:4.0" xmlns:rs="urn:oasis:names:tc:ebxml-regrep:xsd:rs:4.0" xmlns:xsi="http://www.w3.org/2001/XMLSchema-instance" xmlns:xlink="http://www.w3.org/1999/xlink" xsi:schemaLocation="urn:oasis:names:tc:ebxml-regrep:xsd:lcm:4.0  ../../xsd/lcm.xsd">
    <rim:RegistryObjectList>
        <rim:RegistryObject xsi:type="rim:ClassificationSchemeType" lid="urn:oasis:names:tc:ebxml-regrep:classificationScheme:ErrorSeverityType" id="urn:oasis:names:tc:ebxml-regrep:classificationScheme:ErrorSeverityType" isInternal="true" nodeType="urn:oasis:names:tc:ebxml-regrep:NodeType:UniqueCode" objectType="urn:oasis:names:tc:ebxml-regrep:ObjectType:RegistryObject:ClassificationScheme">
            <rim:Name>
                <rim:LocalizedString xml:lang="en-US" value="ErrorSeverityType"/>
            </rim:Name>
            <rim:Description>
                <rim:LocalizedString xml:lang="en-US" value="ErrorSeverityType.desc"/>
            </rim:Description>
            <rim:ClassificationNode lid="urn:oasis:names:tc:ebxml-regrep:ErrorSeverityType:Warning" code="Warning" id="urn:oasis:names:tc:ebxml-regrep:ErrorSeverityType:Warning" objectType="urn:oasis:names:tc:ebxml-regrep:ObjectType:RegistryObject:ClassificationNode" parent="urn:oasis:names:tc:ebxml-regrep:classificationScheme:ErrorSeverityType">
                <rim:Name>
                    <rim:LocalizedString xml:lang="en-US" value="Warning"/>
                </rim:Name>
                <rim:Description>
                    <rim:LocalizedString xml:lang="en-US" value="Warning.desc"/>
                </rim:Description>
            </rim:ClassificationNode>
            <rim:ClassificationNode lid="urn:oasis:names:tc:ebxml-regrep:ErrorSeverityType:Error" code="Error" id="urn:oasis:names:tc:ebxml-regrep:ErrorSeverityType:Error" objectType="urn:oasis:names:tc:ebxml-regrep:ObjectType:RegistryObject:ClassificationNode" parent="urn:oasis:names:tc:ebxml-regrep:classificationScheme:ErrorSeverityType">
                <rim:Name>
                    <rim:LocalizedString xml:lang="en-US" value="Error"/>
                </rim:Name>
                <rim:Description>
                    <rim:LocalizedString xml:lang="en-US" value="Error.desc"/>
                </rim:Description>
            </rim:ClassificationNode>
        </rim:RegistryObject>
    </rim:RegistryObjectList>
</SubmitObjectsRequest>
