<?xml version="1.0" encoding="UTF-8"?>
<!-- $Header: /cvsroot/ebxmlrr/omar/misc/samples/minDB/SubmitObjectsRequest_Config.xml,v 1.59 2007/06/01 19:29:04 psterk Exp $ -->
<!-- Must be loaded after SubmitObjectsRequest_objectTypesSchemes -->
<SubmitObjectsRequest id="urn:oasis:names:tc:ebxml-regrep:request:id"
                      xmlns="urn:oasis:names:tc:ebxml-regrep:xsd:lcm:4.0"
                      xmlns:lcm="urn:oasis:names:tc:ebxml-regrep:xsd:lcm:4.0"
                      xmlns:query="urn:oasis:names:tc:ebxml-regrep:xsd:query:4.0"
                      xmlns:rim="urn:oasis:names:tc:ebxml-regrep:xsd:rim:4.0"
                      xmlns:rs="urn:oasis:names:tc:ebxml-regrep:xsd:rs:4.0"
                      xmlns:xsi="http://www.w3.org/2001/XMLSchema-instance"
                      xmlns:xlink="http://www.w3.org/1999/xlink"
                      xsi:schemaLocation="urn:oasis:names:tc:ebxml-regrep:xsd:lcm:4.0  ../../xsd/lcm.xsd"
                      >
    <rim:RegistryObjectList>

        <!-- customACP1 -->
        <rim:RegistryObject xsi:type="rim:ExtrinsicObjectType" lid="urn:test:customACP1" id="urn:test:customACP1" mimeType="text/xml" objectType="urn:oasis:names:tc:ebxml-regrep:ObjectType:RegistryObject:ExtrinsicObject:XML:XACML:PolicySet">
            <rim:Name>
                <rim:LocalizedString value="customACP1"/>
            </rim:Name>

            <!--import role implies that registry MUST import the referenced repositoryItem as a native RepositoryItem-->
            <rim:RepositoryItemRef xlink:role="urn:oasis:names:tc:ebxml-regrep:ObjectType:RegistryObject:ExtrinsicObject:import" xlink:href="./customACP1.xml"/>
        </rim:RegistryObject>

        <!-- SubjectRole extensions -->
        <rim:RegistryObject xsi:type="rim:ClassificationNodeType" lid="urn:oasis:names:tc:ebxml-regrep:SubjectRole:Developer" code="Developer" id="urn:oasis:names:tc:ebxml-regrep:SubjectRole:Developer" objectType="urn:oasis:names:tc:ebxml-regrep:ObjectType:RegistryObject:ClassificationNode" parent="urn:oasis:names:tc:ebxml-regrep:classificationScheme:SubjectRole">
            <rim:Name>
                <rim:LocalizedString xml:lang="en-US" value="Developer"/>
            </rim:Name>

            <rim:ClassificationNode lid="urn:oasis:names:tc:ebxml-regrep:SubjectRole:ProjectLead" code="ProjectLead" id="urn:oasis:names:tc:ebxml-regrep:SubjectRole:ProjectLead" objectType="urn:oasis:names:tc:ebxml-regrep:ObjectType:RegistryObject:ClassificationNode" parent="urn:oasis:names:tc:ebxml-regrep:SubjectRole:Developer">
                <rim:Name>
                    <rim:LocalizedString xml:lang="en-US" value="Developer"/>
                </rim:Name>
            </rim:ClassificationNode>

        </rim:RegistryObject>

        <!-- Role Definitions -->
        <rim:RegistryObject xsi:type="rim:RoleType" lid="urn:test:Role:TestSubmittingOrg1Developer" id="urn:test:Role:TestSubmittingOrg1Developer" type="urn:oasis:names:tc:ebxml-regrep:SubjectRole:Developer">
            <rim:Slot name="urn:oasis:names:tc:ebxml-regrep:RoleAssociation:organizationContext">
                <rim:SlotValue xsi:type="rim:StringValueType">
                    <rim:Value>urn:test:Organization:TestSubmittingOrg1</rim:Value>
                </rim:SlotValue>
            </rim:Slot>
            <rim:Name>
                <rim:LocalizedString value="TestSubmittingOrg1Developer Role"/>
            </rim:Name>
        </rim:RegistryObject>

        <rim:RegistryObject xsi:type="rim:RoleType" lid="urn:test:Role:TestSubmittingOrg2Developer" id="urn:test:Role:TestSubmittingOrg2Developer" type="urn:oasis:names:tc:ebxml-regrep:SubjectRole:Developer">
            <rim:Slot name="urn:oasis:names:tc:ebxml-regrep:RoleAssociation:organizationContext">
                <rim:SlotValue xsi:type="rim:StringValueType">
                    <rim:Value>urn:test:Organization:TestSubmittingOrg2</rim:Value>
                </rim:SlotValue>
            </rim:Slot>
            <rim:Name>
                <rim:LocalizedString value="TestSubmittingOrg2Developer Role"/>
            </rim:Name>
        </rim:RegistryObject>

        <rim:RegistryObject xsi:type="rim:RoleType" lid="urn:test:Role:TestSubmittingOrg1ProjectLead" id="urn:test:Role:TestSubmittingOrg1ProjectLead" type="urn:oasis:names:tc:ebxml-regrep:SubjectRole:ProjectLead">
            <rim:Slot name="urn:oasis:names:tc:ebxml-regrep:RoleAssociation:organizationContext">
                <rim:SlotValue xsi:type="rim:StringValueType">
                    <rim:Value>urn:test:Organization:TestSubmittingOrg1</rim:Value>
                </rim:SlotValue>
            </rim:Slot>
            <rim:Slot name="urn:oasis:names:tc:ebxml-regrep:RoleAssociation:registerContext">
                <rim:SlotValue xsi:type="rim:StringValueType">
                    <rim:Value>urn:test:Register:TestRegister1</rim:Value>
                </rim:SlotValue>
            </rim:Slot>
            <rim:Name>
                <rim:LocalizedString value="TestSubmittingOrg1ProjectLead Role"/>
            </rim:Name>
        </rim:RegistryObject>

        <rim:RegistryObject xsi:type="rim:RoleType" lid="urn:test:Role:TestSubmittingOrg2ProjectLead" id="urn:test:Role:TestSubmittingOrg2ProjectLead" type="urn:oasis:names:tc:ebxml-regrep:SubjectRole:ProjectLead">
            <rim:Slot name="urn:oasis:names:tc:ebxml-regrep:RoleAssociation:organizationContext">
                <rim:SlotValue xsi:type="rim:StringValueType">
                    <rim:Value>urn:test:Organization:TestSubmittingOrg2</rim:Value>
                </rim:SlotValue>
            </rim:Slot>
            <rim:Name>
                <rim:LocalizedString value="TestSubmittingOrg2ProjectLead Role"/>
            </rim:Name>
        </rim:RegistryObject>

    </rim:RegistryObjectList>
</SubmitObjectsRequest>

