<?xml version = "1.0" encoding = "UTF-8"?>

<!--$Header: /cvsroot/ebxmlrr/omar/misc/samples/cppa/CPP1.xml,v 1.3 2007/01/04 17:37:44 farrukh_najmi Exp $-->

<!-- Copyright UN/CEFACT and OASIS, 2001. All Rights Reserved. -->
<tp:CollaborationProtocolProfile xmlns:tp = "http://www.oasis-open.org/committees/ebxml-cppa/schema/cpp-cpa-2_0.xsd" xmlns:xsi = "http://www.w3.org/2001/XMLSchema-instance" xmlns:xlink = "http://www.w3.org/1999/xlink" xmlns:ds = "http://www.w3.org/2000/09/xmldsig#" xmlns:xsd = "http://www.w3.org/2001/XMLSchema" xsi:schemaLocation = "http://www.oasis-open.org/committees/ebxml-cppa/schema/cpp-cpa-2_0.xsd http://www.oasis-open.org/committees/ebxml-cppa/schema/cpp-cpa-2_0a.xsd" tp:cppid = "uri:companyA-cpp" tp:version = "2_0a">
    <!-- Party info for CompanyA-->

    <tp:PartyInfo tp:partyName = "CompanyA" tp:defaultMshChannelId = "asyncChannelA1" tp:defaultMshPackageId = "CompanyA_MshSignalPackage">    
        <tp:PartyId tp:type = "urn:oasis:names:tc:ebxml-cppa:partyid-type:duns">123456789</tp:PartyId>    
        <tp:PartyRef xlink:href = "http://CompanyA.com/about.html"/>    
        <tp:CollaborationRole>      
            <tp:ProcessSpecification tp:version = "2.0" tp:name = "PIP3A4RequestPurchaseOrder" xlink:type = "simple" xlink:href = "http://www.rosettanet.org/processes/3A4.xml" tp:uuid = "urn:icann:rosettanet.org:bpid:3A4$2.0"/>      
            <tp:Role tp:name = "Buyer" xlink:type = "simple" xlink:href = "http://www.rosettanet.org/processes/3A4.xml#Buyer"/>      
            <tp:ApplicationCertificateRef tp:certId = "CompanyA_AppCert"/>      
            <tp:ServiceBinding>        
                <tp:Service>bpid:icann:rosettanet.org:3A4$2.0</tp:Service>        
                <tp:CanSend>          
                    <tp:ThisPartyActionBinding tp:id = "companyA_ABID1" tp:action = "Purchase Order Request Action" tp:packageId = "CompanyA_RequestPackage">            
                        <tp:BusinessTransactionCharacteristics tp:isNonRepudiationRequired = "true" tp:isNonRepudiationReceiptRequired = "true" tp:isConfidential = "transient" tp:isAuthenticated = "persistent" tp:isTamperProof = "persistent" tp:isAuthorizationRequired = "true" tp:timeToAcknowledgeReceipt = "PT2H" tp:timeToPerform = "P1D"/>            
                        <tp:ActionContext tp:binaryCollaboration = "Request Purchase Order" tp:businessTransactionActivity = "Request Purchase Order" tp:requestOrResponseAction = "Purchase Order Request Action"/>            
                        <tp:ChannelId>asyncChannelA1</tp:ChannelId>          
                    </tp:ThisPartyActionBinding>        
                </tp:CanSend>        
                <tp:CanSend>          
                    <tp:ThisPartyActionBinding tp:id = "companyA_ABID2" tp:action = "ReceiptAcknowledgement" tp:packageId = "CompanyA_ReceiptAcknowledgmentPackage">            
                        <tp:BusinessTransactionCharacteristics tp:isNonRepudiationRequired = "true" tp:isNonRepudiationReceiptRequired = "true" tp:isConfidential = "transient" tp:isAuthenticated = "persistent" tp:isTamperProof = "persistent" tp:isAuthorizationRequired = "true"/>            
                        <tp:ChannelId>asyncChannelA1</tp:ChannelId>          
                    </tp:ThisPartyActionBinding>        
                </tp:CanSend>        
                <!-- The next binding uses a synchronous delivery channel -->

                <tp:CanSend>          
                    <tp:ThisPartyActionBinding tp:id = "companyA_ABID6" tp:action = "Purchase Order Request Action" tp:packageId = "CompanyA_RequestPackage">            
                        <tp:BusinessTransactionCharacteristics tp:isNonRepudiationRequired = "true" tp:isNonRepudiationReceiptRequired = "true" tp:isConfidential = "transient" tp:isAuthenticated = "persistent" tp:isTamperProof = "persistent" tp:isAuthorizationRequired = "true" tp:timeToAcknowledgeReceipt = "PT5M" tp:timeToPerform = "PT5M"/>            
                        <tp:ActionContext tp:binaryCollaboration = "Request Purchase Order" tp:businessTransactionActivity = "Request Purchase Order" tp:requestOrResponseAction = "Purchase Order Request Action"/>            
                        <tp:ChannelId>syncChannelA1</tp:ChannelId>          
                    </tp:ThisPartyActionBinding>          
                    <tp:CanReceive>            
                        <tp:ThisPartyActionBinding tp:id = "companyA_ABID7" tp:action = "Purchase Order Confirmation Action" tp:packageId = "CompanyA_SyncReplyPackage">              
                            <tp:BusinessTransactionCharacteristics tp:isNonRepudiationRequired = "true" tp:isNonRepudiationReceiptRequired = "true" tp:isConfidential = "transient" tp:isAuthenticated = "persistent" tp:isTamperProof = "persistent" tp:isAuthorizationRequired = "true" tp:timeToAcknowledgeReceipt = "PT5M"/>              
                            <tp:ActionContext tp:binaryCollaboration = "Request Purchase Order" tp:businessTransactionActivity = "Request Purchase Order" tp:requestOrResponseAction = "Purchase Order Confirmation Action"/>              
                            <tp:ChannelId>syncChannelA1</tp:ChannelId>            
                        </tp:ThisPartyActionBinding>          
                    </tp:CanReceive>          
                    <tp:CanReceive>            
                        <tp:ThisPartyActionBinding tp:id = "companyA_ABID8" tp:action = "Exception" tp:packageId = "CompanyA_ExceptionPackage">              
                            <tp:BusinessTransactionCharacteristics tp:isNonRepudiationRequired = "true" tp:isNonRepudiationReceiptRequired = "true" tp:isConfidential = "transient" tp:isAuthenticated = "persistent" tp:isTamperProof = "persistent" tp:isAuthorizationRequired = "true"/>              
                            <tp:ChannelId>syncChannelA1</tp:ChannelId>            
                        </tp:ThisPartyActionBinding>          
                    </tp:CanReceive>        
                </tp:CanSend>        
                <tp:CanReceive>          
                    <tp:ThisPartyActionBinding tp:id = "companyA_ABID3" tp:action = "Purchase Order Confirmation Action" tp:packageId = "CompanyA_ResponsePackage">            
                        <tp:BusinessTransactionCharacteristics tp:isNonRepudiationRequired = "true" tp:isNonRepudiationReceiptRequired = "true" tp:isConfidential = "transient" tp:isAuthenticated = "persistent" tp:isTamperProof = "persistent" tp:isAuthorizationRequired = "true" tp:timeToAcknowledgeReceipt = "PT2H"/>            
                        <tp:ActionContext tp:binaryCollaboration = "Request Purchase Order" tp:businessTransactionActivity = "Request Purchase Order" tp:requestOrResponseAction = "Purchase Order Confirmation Action"/>            
                        <tp:ChannelId>asyncChannelA1</tp:ChannelId>          
                    </tp:ThisPartyActionBinding>        
                </tp:CanReceive>        
                <tp:CanReceive>          
                    <tp:ThisPartyActionBinding tp:id = "companyA_ABID4" tp:action = "ReceiptAcknowledgment" tp:packageId = "CompanyA_ReceiptAcknowledgmentPackage">            
                        <tp:BusinessTransactionCharacteristics tp:isNonRepudiationRequired = "true" tp:isNonRepudiationReceiptRequired = "true" tp:isConfidential = "transient" tp:isAuthenticated = "persistent" tp:isTamperProof = "persistent" tp:isAuthorizationRequired = "true"/>            
                        <tp:ChannelId>asyncChannelA1</tp:ChannelId>          
                    </tp:ThisPartyActionBinding>        
                </tp:CanReceive>        
                <tp:CanReceive>          
                    <tp:ThisPartyActionBinding tp:id = "companyA_ABID5" tp:action = "Exception" tp:packageId = "CompanyA_ExceptionPackage">            
                        <tp:BusinessTransactionCharacteristics tp:isNonRepudiationRequired = "true" tp:isNonRepudiationReceiptRequired = "true" tp:isConfidential = "transient" tp:isAuthenticated = "persistent" tp:isTamperProof = "persistent" tp:isAuthorizationRequired = "true"/>            
                        <tp:ChannelId>asyncChannelA1</tp:ChannelId>          
                    </tp:ThisPartyActionBinding>        
                </tp:CanReceive>      
            </tp:ServiceBinding>    
        </tp:CollaborationRole>    
        <!-- Certificates used by the "Buyer" company -->

        <tp:Certificate tp:certId = "CompanyA_AppCert">      
            <ds:KeyInfo>        
                <ds:KeyName>CompanyA_AppCert_Key</ds:KeyName>      
            </ds:KeyInfo>    
        </tp:Certificate>    
        <tp:Certificate tp:certId = "CompanyA_SigningCert">      
            <ds:KeyInfo>        
                <ds:KeyName>CompanyA_SigningCert_Key</ds:KeyName>      
            </ds:KeyInfo>    
        </tp:Certificate>    
        <tp:Certificate tp:certId = "CompanyA_EncryptionCert">      
            <ds:KeyInfo>        
                <ds:KeyName>CompanyA_EncryptionCert_Key</ds:KeyName>      
            </ds:KeyInfo>    
        </tp:Certificate>    
        <tp:Certificate tp:certId = "CompanyA_ServerCert">      
            <ds:KeyInfo>        
                <ds:KeyName>CompanyA_ServerCert_Key</ds:KeyName>      
            </ds:KeyInfo>    
        </tp:Certificate>    
        <tp:Certificate tp:certId = "CompanyA_ClientCert">      
            <ds:KeyInfo>        
                <ds:KeyName>CompanyA_ClientCert_Key</ds:KeyName>      
            </ds:KeyInfo>    
        </tp:Certificate>    
        <tp:Certificate tp:certId = "TrustedRootCertA1">      
            <ds:KeyInfo>        
                <ds:KeyName>TrustedRootCertA1_Key</ds:KeyName>      
            </ds:KeyInfo>    
        </tp:Certificate>    
        <tp:Certificate tp:certId = "TrustedRootCertA2">      
            <ds:KeyInfo>        
                <ds:KeyName>TrustedRootCertA2_Key</ds:KeyName>      
            </ds:KeyInfo>    
        </tp:Certificate>    
        <tp:Certificate tp:certId = "TrustedRootCertA3">      
            <ds:KeyInfo>        
                <ds:KeyName>TrustedRootCertA3_Key</ds:KeyName>      
            </ds:KeyInfo>    
        </tp:Certificate>    
        <tp:Certificate tp:certId = "TrustedRootCertA4">      
            <ds:KeyInfo>        
                <ds:KeyName>TrustedRootCertA4_Key</ds:KeyName>      
            </ds:KeyInfo>    
        </tp:Certificate>    
        <tp:Certificate tp:certId = "TrustedRootCertA5">      
            <ds:KeyInfo>        
                <ds:KeyName>TrustedRootCertA5_Key</ds:KeyName>      
            </ds:KeyInfo>    
        </tp:Certificate>    
        <tp:SecurityDetails tp:securityId = "CompanyA_TransportSecurity">      
            <tp:TrustAnchors>        
                <tp:AnchorCertificateRef tp:certId = "TrustedRootCertA1"/>        
                <tp:AnchorCertificateRef tp:certId = "TrustedRootCertA2"/>        
                <tp:AnchorCertificateRef tp:certId = "TrustedRootCertA4"/>      
            </tp:TrustAnchors>    
        </tp:SecurityDetails>    
        <tp:SecurityDetails tp:securityId = "CompanyA_MessageSecurity">      
            <tp:TrustAnchors>        
                <tp:AnchorCertificateRef tp:certId = "TrustedRootCertA3"/>        
                <tp:AnchorCertificateRef tp:certId = "TrustedRootCertA5"/>      
            </tp:TrustAnchors>    
        </tp:SecurityDetails>    
        <!-- An asynchronous delivery channel -->

        <tp:DeliveryChannel tp:channelId = "asyncChannelA1" tp:transportId = "transportA2" tp:docExchangeId = "docExchangeA1">      
            <tp:MessagingCharacteristics tp:syncReplyMode = "none" tp:ackRequested = "always" tp:ackSignatureRequested = "always" tp:duplicateElimination = "always"/>    
        </tp:DeliveryChannel>    
        <!-- A synchronous delivery channel -->

        <tp:DeliveryChannel tp:channelId = "syncChannelA1" tp:transportId = "transportA1" tp:docExchangeId = "docExchangeA1">      
            <tp:MessagingCharacteristics tp:syncReplyMode = "signalsAndResponse" tp:ackRequested = "always" tp:ackSignatureRequested = "always" tp:duplicateElimination = "always"/>    
        </tp:DeliveryChannel>    
        <tp:Transport tp:transportId = "transportA1">      
            <tp:TransportSender>        
                <tp:TransportProtocol tp:version = "1.1">HTTP</tp:TransportProtocol>        
                <tp:AccessAuthentication>basic</tp:AccessAuthentication>        
                <tp:AccessAuthentication>digest</tp:AccessAuthentication>        
                <tp:TransportClientSecurity>          
                    <tp:TransportSecurityProtocol tp:version = "3.0">SSL</tp:TransportSecurityProtocol>          
                    <tp:ClientCertificateRef tp:certId = "CompanyA_ClientCert"/>          
                    <tp:ServerSecurityDetailsRef tp:securityId = "CompanyA_TransportSecurity"/>        
                </tp:TransportClientSecurity>      
            </tp:TransportSender>      
            <tp:TransportReceiver>        
                <tp:TransportProtocol tp:version = "1.1">HTTP</tp:TransportProtocol>        
                <tp:AccessAuthentication>basic</tp:AccessAuthentication>        
                <tp:AccessAuthentication>digest</tp:AccessAuthentication>        
                <tp:Endpoint tp:uri = "https://www.CompanyA.com/servlets/ebxmlhandler/sync" tp:type = "allPurpose"/>        
                <tp:TransportServerSecurity>          
                    <tp:TransportSecurityProtocol tp:version = "3.0">SSL</tp:TransportSecurityProtocol>          
                    <tp:ServerCertificateRef tp:certId = "CompanyA_ServerCert"/>          
                    <tp:ClientSecurityDetailsRef tp:securityId = "CompanyA_TransportSecurity"/>        
                </tp:TransportServerSecurity>      
            </tp:TransportReceiver>    
        </tp:Transport>    
        <tp:Transport tp:transportId = "transportA2">      
            <tp:TransportSender>        
                <tp:TransportProtocol tp:version = "1.1">HTTP</tp:TransportProtocol>        
                <tp:AccessAuthentication>basic</tp:AccessAuthentication>        
                <tp:AccessAuthentication>digest</tp:AccessAuthentication>        
                <tp:TransportClientSecurity>          
                    <tp:TransportSecurityProtocol tp:version = "3.0">SSL</tp:TransportSecurityProtocol>          
                    <tp:ClientCertificateRef tp:certId = "CompanyA_ClientCert"/>          
                    <tp:ServerSecurityDetailsRef tp:securityId = "CompanyA_TransportSecurity"/>        
                </tp:TransportClientSecurity>      
            </tp:TransportSender>      
            <tp:TransportReceiver>        
                <tp:TransportProtocol tp:version = "1.1">HTTP</tp:TransportProtocol>        
                <tp:AccessAuthentication>basic</tp:AccessAuthentication>        
                <tp:AccessAuthentication>digest</tp:AccessAuthentication>        
                <tp:Endpoint tp:uri = "https://www.CompanyA.com/servlets/ebxmlhandler/sync" tp:type = "allPurpose"/>        
                <tp:TransportServerSecurity>          
                    <tp:TransportSecurityProtocol tp:version = "3.0">SSL</tp:TransportSecurityProtocol>          
                    <tp:ServerCertificateRef tp:certId = "CompanyA_ServerCert"/>          
                    <tp:ClientSecurityDetailsRef tp:securityId = "CompanyA_TransportSecurity"/>        
                </tp:TransportServerSecurity>      
            </tp:TransportReceiver>    
        </tp:Transport>    
        <tp:DocExchange tp:docExchangeId = "docExchangeA1">      
            <tp:ebXMLSenderBinding tp:version = "2.0">        
                <tp:ReliableMessaging>          
                    <tp:Retries>3</tp:Retries>          
                    <tp:RetryInterval>PT2H</tp:RetryInterval>          
                    <tp:MessageOrderSemantics>Guaranteed</tp:MessageOrderSemantics>        
                </tp:ReliableMessaging>        
                <tp:PersistDuration>P1D</tp:PersistDuration>        
                <tp:SenderNonRepudiation>          
                    <tp:NonRepudiationProtocol>http://www.w3.org/2000/09/xmldsig#</tp:NonRepudiationProtocol>          
                    <tp:HashFunction>http://www.w3.org/2000/09/xmldsig#sha1</tp:HashFunction>          
                    <tp:SignatureAlgorithm>http://www.w3.org/2000/09/xmldsig#dsa-sha1</tp:SignatureAlgorithm>          
                    <tp:SigningCertificateRef tp:certId = "CompanyA_SigningCert"/>        
                </tp:SenderNonRepudiation>        
                <tp:SenderDigitalEnvelope>          
                    <tp:DigitalEnvelopeProtocol tp:version = "2.0">S/MIME</tp:DigitalEnvelopeProtocol>          
                    <tp:EncryptionAlgorithm>DES-CBC</tp:EncryptionAlgorithm>          
                    <tp:EncryptionSecurityDetailsRef tp:securityId = "CompanyA_MessageSecurity"/>        
                </tp:SenderDigitalEnvelope>      
            </tp:ebXMLSenderBinding>      
            <tp:ebXMLReceiverBinding tp:version = "2.0">        
                <tp:ReliableMessaging>          
                    <tp:Retries>3</tp:Retries>          
                    <tp:RetryInterval>PT2H</tp:RetryInterval>          
                    <tp:MessageOrderSemantics>Guaranteed</tp:MessageOrderSemantics>        
                </tp:ReliableMessaging>        
                <tp:PersistDuration>P1D</tp:PersistDuration>        
                <tp:ReceiverNonRepudiation>          
                    <tp:NonRepudiationProtocol>http://www.w3.org/2000/09/xmldsig#</tp:NonRepudiationProtocol>          
                    <tp:HashFunction>http://www.w3.org/2000/09/xmldsig#sha1</tp:HashFunction>          
                    <tp:SignatureAlgorithm>http://www.w3.org/2000/09/xmldsig#dsa-sha1</tp:SignatureAlgorithm>          
                    <tp:SigningSecurityDetailsRef tp:securityId = "CompanyA_MessageSecurity"/>        
                </tp:ReceiverNonRepudiation>        
                <tp:ReceiverDigitalEnvelope>          
                    <tp:DigitalEnvelopeProtocol tp:version = "2.0">S/MIME</tp:DigitalEnvelopeProtocol>          
                    <tp:EncryptionAlgorithm>DES-CBC</tp:EncryptionAlgorithm>          
                    <tp:EncryptionCertificateRef tp:certId = "CompanyA_EncryptionCert"/>        
                </tp:ReceiverDigitalEnvelope>      
            </tp:ebXMLReceiverBinding>    
        </tp:DocExchange>  
    </tp:PartyInfo>  
    <!-- SimplePart corresponding to the SOAP Envelope -->

    <tp:SimplePart tp:id = "CompanyA_MsgHdr" tp:mimetype = "text/xml">    
        <tp:NamespaceSupported tp:location = "http://www.oasis-open.org/committees/ebxml-msg/schema/msg-header-2_0.xsd" tp:version = "2.0">      http://www.oasis-open.org/committees/ebxml-msg/schema/msg-header-2_0.xsd
        </tp:NamespaceSupported>  
    </tp:SimplePart>  
    <!-- SimplePart corresponding to a Receipt Acknowledgment business signal -->

    <tp:SimplePart tp:id = "CompanyA_ReceiptAcknowledgment" tp:mimetype = "application/xml">    
        <tp:NamespaceSupported tp:location = "http://www.ebxml.org/bpss/ReceiptAcknowledgment.xsd" tp:version = "2.0">      http://www.ebxml.org/bpss/ReceiptAcknowledgment.xsd
        </tp:NamespaceSupported>  
    </tp:SimplePart>  
    <!-- SimplePart corresponding to an Exception business signal -->

    <tp:SimplePart tp:id = "CompanyA_Exception" tp:mimetype = "application/xml">    
        <tp:NamespaceSupported tp:location = "http://www.oasis-open.org/committees/ebxml-msg/schema/msg-header-2_0.xsd" tp:version = "2.0">      http://www.oasis-open.org/committees/ebxml-msg/schema/msg-header-2_0.xsd
        </tp:NamespaceSupported>  
    </tp:SimplePart>  
    <!-- SimplePart corresponding to a request action -->

    <tp:SimplePart tp:id = "CompanyA_Request" tp:mimetype = "application/xml">    
        <tp:NamespaceSupported tp:location = "http://www.rosettanet.org/schemas/PIP3A4RequestPurchaseOrder.xsd" tp:version = "2.0">      http://www.rosettanet.org/schemas/PIP3A4RequestPurchaseOrder.xsd
        </tp:NamespaceSupported>  
    </tp:SimplePart>  
    <!-- SimplePart corresponding to a response action -->

    <tp:SimplePart tp:id = "CompanyA_Response" tp:mimetype = "application/xml">    
        <tp:NamespaceSupported tp:location = "http://www.rosettanet.org/schemas/PurchaseOrderConfirmation.xsd" tp:version = "2.0">    http://www.rosettanet.org/schemas/PIP3A4PurchaseOrderConfirmation.xsd
        </tp:NamespaceSupported>  
    </tp:SimplePart>  
    <!-- An ebXML message with a SOAP Envelope only -->

    <tp:Packaging tp:id = "CompanyA_MshSignalPackage">    
        <tp:ProcessingCapabilities tp:parse = "true" tp:generate = "true"/>    
        <tp:CompositeList>      
            <tp:Composite tp:id = "CompanyA_MshSignal" tp:mimetype = "multipart/related" tp:mimeparameters = "type=text/xml">        
                <tp:Constituent tp:idref = "CompanyA_MsgHdr"/>      
            </tp:Composite>    
        </tp:CompositeList>  
    </tp:Packaging>  
    <!-- An ebXML message with a SOAP Envelope plus a request action payload -->

    <tp:Packaging tp:id = "CompanyA_RequestPackage">    
        <tp:ProcessingCapabilities tp:parse = "true" tp:generate = "true"/>    
        <tp:CompositeList>      
            <tp:Composite tp:id = "CompanyA_RequestMsg" tp:mimetype = "multipart/related" tp:mimeparameters = "type=text/xml">        
                <tp:Constituent tp:idref = "CompanyA_MsgHdr"/>        
                <tp:Constituent tp:idref = "CompanyA_Request"/>      
            </tp:Composite>    
        </tp:CompositeList>  
    </tp:Packaging>  
    <!-- An ebXML message with a SOAP Envelope plus a response action payload -->

    <tp:Packaging tp:id = "CompanyA_ResponsePackage">    
        <tp:ProcessingCapabilities tp:parse = "true" tp:generate = "true"/>    
        <tp:CompositeList>      
            <tp:Composite tp:id = "CompanyA_ResponseMsg" tp:mimetype = "multipart/related" tp:mimeparameters = "type=text/xml">        
                <tp:Constituent tp:idref = "CompanyA_MsgHdr"/>        
                <tp:Constituent tp:idref = "CompanyA_Response"/>      
            </tp:Composite>    
        </tp:CompositeList>  
    </tp:Packaging>  
    <!-- An ebXML message with a Receipt Acknowledgment signal, plus a business response,
or an ebXML message with an Exception signal -->

    <tp:Packaging tp:id = "CompanyA_SyncReplyPackage">    
        <tp:ProcessingCapabilities tp:parse = "true" tp:generate = "true"/>    
        <tp:CompositeList>      
            <tp:Composite tp:id = "CompanyA_SignalAndResponseMsg" tp:mimetype = "multipart/related" tp:mimeparameters = "type=text/xml">        
                <tp:Constituent tp:idref = "CompanyA_MsgHdr"/>        
                <tp:Constituent tp:idref = "CompanyA_ReceiptAcknowledgment"/>        
                <tp:Constituent tp:idref = "CompanyA_Response"/>      
            </tp:Composite>    
        </tp:CompositeList>  
    </tp:Packaging>  
    <!-- An ebXML message with a SOAP Envelope plus a ReceiptAcknowledgment payload -->

    <tp:Packaging tp:id = "CompanyA_ReceiptAcknowledgmentPackage">    
        <tp:ProcessingCapabilities tp:parse = "true" tp:generate = "true"/>    
        <tp:CompositeList>      
            <tp:Composite tp:id = "CompanyA_ReceiptAcknowledgmentMsg" tp:mimetype = "multipart/related" tp:mimeparameters = "type=text/xml">        
                <tp:Constituent tp:idref = "CompanyA_MsgHdr"/>        
                <tp:Constituent tp:idref = "CompanyA_ReceiptAcknowledgment"/>      
            </tp:Composite>    
        </tp:CompositeList>  
    </tp:Packaging>  
    <!-- An ebXML message with a SOAP Envelope plus an Exception payload -->

    <tp:Packaging tp:id = "CompanyA_ExceptionPackage">    
        <tp:ProcessingCapabilities tp:parse = "true" tp:generate = "true"/>    
        <tp:CompositeList>      
            <tp:Composite tp:id = "CompanyA_ExceptionMsg" tp:mimetype = "multipart/related" tp:mimeparameters = "type=text/xml">        
                <tp:Constituent tp:idref = "CompanyA_MsgHdr"/>        
                <tp:Constituent tp:idref = "CompanyA_Exception"/>      
            </tp:Composite>    
        </tp:CompositeList>  
    </tp:Packaging>  
    <tp:Comment xml:lang = "en-US">Buyer's Collaboration Protocol Profile</tp:Comment>
</tp:CollaborationProtocolProfile>
